cell,condition,category,batch,T,duration_min,median_mask_area,area_threshold,n_valid_frames,n_valid_pairs,n_rejected_area_frames,n_rejected_iou_pairs,mean_speed_um_per_min,median_speed_um_per_min,max_speed_um_per_min,std_speed,total_path_um,net_disp_um,persistence
ki1/1,ki,1,low,180,179.0,3490,1047,180,179,0,0,0.7856656597219754,0.7444928567416493,2.195615900371888,0.4224281539725444,140.6341530902336,14.705436616037321,0.10456518770801021
ki1/14,ki,1,low,180,179.0,3910,1173,180,179,0,0,0.5897770932067852,0.5613511622084171,1.8813557012043784,0.3157947155144431,105.57009968401452,32.08557282462131,0.3039267076630384
ki1/16,ki,1,low,180,179.0,4927,1478,180,179,0,0,0.7559524441066277,0.6997175207023059,1.6102393284591525,0.33602697191524017,135.3154874950864,78.07241502094449,0.5769658482276796
ki1/29,ki,1,low,180,179.0,4494,1348,180,179,0,0,0.6375220160705508,0.6010195815475287,1.6207928354389618,0.33423339495149407,114.11644087662862,38.32622457805307,0.33585190953762384
ki1/5,ki,1,low,180,179.0,5416,1624,180,179,0,0,0.6383742472223383,0.528320976130159,2.246943056985056,0.43166505896020757,114.26899025279855,1.5072038216204904,0.013189963596301034
ki2/15,ki,2,high,163,162.0,7368,2210,163,162,0,0,0.7310535030679126,0.6268949485256381,2.4073633606401086,0.44196632264078944,118.43066749700182,29.863018846543493,0.25215613048283714
ki2/20,ki,2,high,160,159.0,5174,1552,160,159,0,0,0.5959080189152556,0.5445904065936077,2.161167622079229,0.3664510391555904,94.74937500752563,30.30135922778374,0.31980537312649293
ki2/3,ki,2,high,180,179.0,9010,2703,180,179,0,0,0.7125003914182849,0.6342137048795214,2.4871157405628384,0.43387527763466,127.53757006387299,29.134832505982615,0.22844117612866072
ki2/30,ki,2,high,220,219.0,6905,2071,220,219,0,0,0.7742137868687974,0.6504737062455948,3.3881805897534147,0.548660053360046,169.55281932426666,67.49075712207359,0.3980515180523112
ki2/36,ki,2,high,60,59.0,6892,2067,60,59,0,0,0.9347150741799413,0.8810165757094295,2.2142425936801793,0.4870793614497583,55.14818937661653,39.722320868325944,0.7202833187696398
ko1/14,ko,1,low,180,179.0,6905,2071,178,175,2,0,1.1780785798742395,1.0922181733798653,5.205671685752619,0.6916064125972037,206.16375147799192,66.66380844174863,0.32335368348623117
ko1/18,ko,1,low,112,111.0,6088,1826,112,111,0,0,0.9994854357788433,0.8477490320567114,3.26395982040795,0.6516911809032138,110.9428833714516,26.08175444620979,0.23509173056990587
ko1/2,ko,1,low,72,71.0,6503,1951,72,71,0,0,1.3688746969811487,1.36018393079137,3.6823603087855465,0.8013240871267197,97.19010348566155,41.67275596458923,0.42877571347310284
ko1/20,ko,1,low,127,126.0,5213,1563,127,126,0,0,0.9801435570720652,0.8852420994628163,2.8817294517780008,0.5359259679193236,123.49808819108023,28.86250174604896,0.23370808543523333
ko1/7,ko,1,low,106,105.0,9946,2983,76,74,30,0,2.103878005778625,1.7079341695956374,6.028370055783619,1.4130689888946975,155.68697242761826,59.00275760566743,0.3789832680643777
ko2/ko10,ko,2,high,234,233.0,5811,1743,234,233,0,0,1.1965165987879864,1.1401439872274648,2.9289663148865595,0.5861099796331306,278.7883675176008,85.3668924783614,0.3062067949193465
ko2/ko15,ko,2,high,360,359.0,4968,1490,360,359,0,0,0.8591310525002711,0.7461843240282974,3.2404981329683795,0.564373775969836,308.4280478475974,46.43222585872022,0.15054475811377452
ko2/ko20,ko,2,high,293,292.0,7108,2132,293,292,0,0,0.6254562855302169,0.5935894320226937,1.557550128057969,0.3141901121706077,182.63323537482333,23.887417647242803,0.1307944723106831
ko2/ko28,ko,2,high,360,359.0,8668,2600,356,350,4,1,1.7843590166180847,1.2952688653051867,10.919131378276807,1.6308599582429306,624.5256558163295,199.75895121945516,0.31985707770219046
ko2/ko3,ko,2,high,360,359.0,7202,2160,360,359,0,0,0.8123164898759055,0.8225924044242187,2.4826485567860197,0.3751665664284598,291.6216198654501,134.4364418162024,0.4609961424610061
wt1/16,wt,1,low,180,179.0,7132,2139,180,179,0,0,0.8882613483496462,0.801525192541585,2.9102744265112537,0.5198958145112172,158.9987813545867,31.496951768779006,0.19809555457244013
wt1/20,wt,1,low,180,179.0,6133,1840,180,179,0,0,0.7956970999565423,0.7420692639485305,2.429214328936229,0.4353256319643193,142.42978089222106,32.473136571211796,0.22799400776853507
wt1/23,wt,1,low,145,144.0,8216,2464,132,124,13,0,1.2576338191961114,1.0445945804661,5.725149501481293,1.0615308555675724,155.94659358031785,69.7148761434363,0.4470432764376526
wt1/34,wt,1,low,180,179.0,5518,1655,180,179,0,0,1.367808684034573,1.1963784563661535,4.615675237745569,0.8790482696704629,244.8377544421885,71.19509319561575,0.2907847825913077
wt1/7,wt,1,low,180,179.0,6646,1993,154,136,26,0,1.1620995471386784,0.9065436010935946,3.8979075636342895,0.8322094680719726,158.04553841086027,40.662029451561224,0.25728046397523036
wt2/wt12,wt,2,high,70,69.0,5960,1788,70,69,0,0,0.9883930559363888,0.8641794369307664,3.710633488223162,0.5982340321517808,68.19912085961082,23.86895278628762,0.34998915653798984
wt2/wt15,wt,2,high,345,344.0,4479,1343,345,344,0,0,0.6465249898611645,0.5783273231620591,2.600298517762258,0.3637675743234217,222.40459651224054,37.18825569712012,0.16720992407669677
wt2/wt21,wt,2,high,215,214.0,7379,2213,215,214,0,0,0.6838316113156371,0.5696706955337916,3.3161032030309507,0.466217654662077,146.33996482154635,38.266349385181634,0.2614893985511434
wt2/wt25,wt,2,high,150,149.0,5049,1514,150,149,0,0,0.710334617030253,0.6165215826461055,2.7032803096016846,0.4689381136987088,105.83985793750769,43.92665843952431,0.41502945388929435
wt2/wt8,wt,2,high,330,329.0,7828,2348,330,329,0,0,1.0114332390452465,0.8037455422077739,4.860394304043762,0.722815125760301,332.76153564588617,95.52254435427727,0.28706005388774625
