cell,condition,category,batch,T,n_valid_frames,n_empty_frames,mean_mask_area,mean_body_area,mean_lam_area,mean_body_I,mean_lam_I,mean_lam_to_body_ratio,slope_lam_area_per_frame,slope_body_area_per_frame,slope_lam_I_per_frame
ki1/12,ki,1,low,180,180,0,5268.416666666667,2643.5222222222224,2624.8944444444446,460.715724351671,251.55968678792317,0.9928646302951964,1.4116598248917132,1.1964340463183056,0.1660869293556701
ki1/23,ki,1,low,180,180,0,5391.8388888888885,2811.488888888889,2580.35,208.13670306735568,176.995203060574,0.9268525746894704,1.0057728119180738,-1.2130559585172471,-0.010495755803858234
ki1/25,ki,1,low,180,180,0,4494.988888888889,2268.4444444444443,2226.5444444444443,385.152097998725,199.54092475043402,0.9804986489835047,3.921129252960492,3.3809603177052834,0.1022394220938194
ki1/3,ki,1,low,180,180,0,3220.983333333333,1650.0833333333333,1570.9,315.6527557373047,199.49562352498373,0.9530770012969088,1.9719394631521574,1.227923701348807,0.174197548247218
ki1/7,ki,1,low,180,180,0,2259.072222222222,1132.4611111111112,1126.611111111111,498.745233323839,286.2617800394694,0.9948552323815838,0.6628640801670833,0.6547949010771982,0.03963886267540601
ki2/10,ki,2,high,360,360,0,6823.052777777778,3483.4055555555556,3339.6472222222224,817.4091008504232,508.2442712571886,0.9635170730210897,1.9504570508517347,1.560078652870262,-0.6296182033505745
ki2/19,ki,2,high,147,145,2,4367.055172413793,2195.613793103448,2171.441379310345,1269.0657462284482,550.8633018756735,0.98877730830719,0.7580511569171291,0.5305772650195503,-0.29892036232624064
ki2/24,ki,2,high,360,358,2,9438.399441340782,4751.343575418994,4687.055865921788,1005.3577208279231,547.9679002815119,0.9844133496528318,-8.959595224535866,-8.481037567530304,-0.8897155704227617
ki2/34,ki,2,high,360,360,0,4756.491666666667,2389.7694444444446,2366.722222222222,1274.6195214165582,594.8972601148818,0.9908533305273365,2.143864793195424,2.198774553301594,-0.6347335469357052
ki2/4,ki,2,high,240,227,13,5426.832599118943,2718.590308370044,2708.2422907488985,1481.19981216229,705.619900741241,0.9941647142756741,5.0227923327453246,4.911291178714618,-0.060198208182249954
ko1/16,ko,1,low,180,165,15,7694.921212121212,4064.539393939394,3630.3818181818183,215.76598575476444,186.1499698523319,0.9084168169696687,-5.044600771360087,-1.358725963426958,-0.07706997776998577
ko1/22,ko,1,low,180,180,0,6933.138888888889,3525.95,3407.188888888889,290.3180342780219,204.91703236897786,0.9702985060395684,4.6203174995113105,5.733900223257916,-0.06299163238444686
ko1/26,ko,1,low,90,89,1,7715.393258426966,3884.7303370786517,3830.6629213483147,364.26022390301307,249.3417828163404,0.9859230652938074,13.32969541503843,12.53104313779261,0.41725045519177306
ko1/4,ko,1,low,60,3,57,11619.333333333334,5840.666666666667,5778.666666666667,307.00408935546875,224.07361348470053,0.9894872534233056,-1.8253424657534116,0.29794520547944,1.2987416411099362
ko1/8,ko,1,low,120,60,60,11051.566666666668,5551.883333333333,5499.683333333333,332.69116058349607,217.78782221476237,0.984416934951648,-10.154284103535634,-10.037336156516224,-0.2902191128900375
ko2/ko11,ko,2,high,159,159,0,8847.522012578616,4573.6163522012575,4273.905660377359,853.669810169148,667.5912606101366,0.9456913302995288,1.9639986864103225,-4.511879030331968,-2.961512972365021
ko2/ko1,ko,2,high,195,195,0,5263.358974358975,2635.358974358974,2628.0,1886.276764072516,755.2309917743389,0.9969017365837122,1.06211461587013,0.9397141886096182,4.3226441991892735
ko2/ko27,ko,2,high,360,358,2,5947.2597765363125,3330.6480446927376,2616.6117318435754,589.8664717008281,527.0810909164685,0.8577012014128211,-2.077158957736586,6.5705570283339885,-0.8440155637018831
ko2/ko30,ko,2,high,360,360,0,4499.336111111111,2255.6305555555555,2243.7055555555557,1252.7735105726454,682.0224866231282,0.9946336480384098,3.2413534569453972,3.26782678364288,-1.3166689034348076
ko2/ko5,ko,2,high,360,360,0,6060.080555555555,3707.7916666666665,2352.288888888889,541.8285589430068,412.0370876736111,0.7353560665261949,-0.675888702844926,5.024146662654291,-0.6314899808225177
wt1/12,wt,1,low,180,167,13,6768.760479041916,3475.131736526946,3293.62874251497,245.24616227749578,205.18682221738163,0.9494002962436228,-8.78083596770709,-9.85395763091631,0.03499833931210638
wt1/26,wt,1,low,180,180,0,6327.233333333334,3193.8,3133.4333333333334,361.25686984592016,228.61302608913846,0.9825132768823279,-1.0050104427091404,-0.6511805919935825,-0.23295597007458882
wt1/33,wt,1,low,81,73,8,7742.506849315068,3931.4657534246576,3811.041095890411,258.91583293758026,197.92088568700504,0.9608534074878409,-3.2854930364394526,-4.497253413643688,0.047795373166443625
wt1/37,wt,1,low,80,79,1,7779.430379746836,3922.3417721518986,3857.0886075949365,338.2527643517603,225.5629303364814,0.9834782973438446,-10.112468448584929,-8.934932141594246,-0.22595013254008084
wt1/4,wt,1,low,180,180,0,9117.43888888889,4604.8388888888885,4512.6,311.4571050008138,211.7915303548177,0.9803420336730435,-4.664822988363824,-4.613256581993245,-0.1333383683239843
wt2/wt10,wt,2,high,360,360,0,4324.05,2196.4444444444443,2127.6055555555554,580.6470997280545,500.22219611273874,0.969611918344335,-3.0793360031070196,-3.222002484587069,-0.6367826552592881
wt2/wt14,wt,2,high,345,345,0,4368.536231884058,2213.1072463768114,2155.4289855072466,706.4335042317708,503.6913951044497,0.973909766665732,0.2591988754916823,0.20232704255481035,-0.37335658498628843
wt2/wt18,wt,2,high,77,77,0,9916.0,4981.454545454545,4934.545454545455,1051.3549194335938,608.2345137162642,0.99073300356732,6.695436142804545,7.514695830485304,-2.3455116917416485
wt2/wt23,wt,2,high,240,238,2,4678.59243697479,2350.5210084033615,2328.0714285714284,1492.237582294881,701.9569523915524,0.989600798050006,-0.5192026251532901,-0.8246982709343248,-0.04155617684753424
wt2/wt4,wt,2,high,67,67,0,7879.850746268657,3944.805970149254,3935.044776119403,1457.5220491779385,889.4176043610074,0.995530667708399,11.08272807087553,11.195386702849357,4.028348274970814
